<application>
  <component name="FileTypeManager" version="18">
    <extensionMap>
      <mapping ext=".tabnine.model" type="Tabnine project model file" />
      <mapping ext=".tabnine" type="Tabnine project model file" />
      <mapping ext=".model" type="Tabnine project model file" />
      <mapping ext="tabnine" type="Tabnine project model file" />
      <mapping ext="model" type="Tabnine project model file" />
      <removed_mapping ext="sql" approved="true" type="SQL" />
    </extensionMap>
  </component>
</application>