<keymap version="1" name="Visual Studio copy" parent="Visual Studio">
  <action id="ActivateProjectToolWindow">
    <keyboard-shortcut first-keystroke="alt 1" />
    <keyboard-shortcut first-keystroke="meta q" />
  </action>
  <action id="Console.Execute" />
  <action id="Console.TableResult.EditValue">
    <keyboard-shortcut first-keystroke="f2" />
    <keyboard-shortcut first-keystroke="alt enter" />
  </action>
  <action id="EditorChooseLookupItem" />
  <action id="EditorEnter" />
  <action id="EditorLineEnd">
    <keyboard-shortcut first-keystroke="end" />
    <keyboard-shortcut first-keystroke="meta right" />
  </action>
  <action id="EditorLineEndWithSelection">
    <keyboard-shortcut first-keystroke="shift end" />
    <keyboard-shortcut first-keystroke="shift meta right" />
    <keyboard-shortcut first-keystroke="enter" />
  </action>
  <action id="EditorLineStart">
    <keyboard-shortcut first-keystroke="home" />
    <keyboard-shortcut first-keystroke="meta left" />
  </action>
  <action id="EditorLineStartWithSelection">
    <keyboard-shortcut first-keystroke="shift home" />
    <keyboard-shortcut first-keystroke="shift meta left" />
  </action>
  <action id="Exit">
    <keyboard-shortcut first-keystroke="meta w" />
  </action>
  <action id="Find">
    <keyboard-shortcut first-keystroke="meta f" />
  </action>
  <action id="GotoFile">
    <keyboard-shortcut first-keystroke="shift ctrl n" />
    <keyboard-shortcut first-keystroke="meta p" />
  </action>
  <action id="Images.Thumbnails.EnterAction" />
  <action id="NextTemplateVariable">
    <keyboard-shortcut first-keystroke="tab" />
  </action>
  <action id="ReformatCode">
    <keyboard-shortcut first-keystroke="alt f8" />
    <keyboard-shortcut first-keystroke="ctrl alt f" />
    <keyboard-shortcut first-keystroke="meta r" />
  </action>
</keymap>